DepartmentId,Level,UserName,Email,FirstName,MiddleName,LastName,ProfileImageUrl
f62cb977-1c02-4634-b18b-b4ac6f2d8378,Level100,Ewell.Lemke,Jace39@gmail.com,Raymundo,Santos,Mosciski,https://avatar.iran.liara.run/public
f62cb977-1c02-4634-b18b-b4ac6f2d8378,Level100,Hillary.Hackett91,Rosario_Toy56@gmail.com,Lauretta,Shayne,Barrows,https://avatar.iran.liara.run/public
f62cb977-1c02-4634-b18b-b4ac6f2d8378,Level100,Jace_Upton86,Kyle.Hilll@yahoo.com,Stella,Brice,Lemke,https://avatar.iran.liara.run/public
f62cb977-1c02-4634-b18b-b4ac6f2d8378,Level100,Adeline.Koelpin,Montana.Bauch@gmail.com,Lynn,Violette,Bradtke,https://avatar.iran.liara.run/public
f62cb977-1c02-4634-b18b-b4ac6f2d8378,Level100,Axel_Heidenreich,Angelica31@yahoo.com,Reginald,Ressie,Ritchie,https://avatar.iran.liara.run/public
f62cb977-1c02-4634-b18b-b4ac6f2d8378,Level100,Zack42,Dillan_Hagenes82@hotmail.com,Jose,Arden,Stokes,https://avatar.iran.liara.run/public
f62cb977-1c02-4634-b18b-b4ac6f2d8378,Level100,Dandre.Schaden60,Kiara_Labadie38@hotmail.com,Leopold,Jody,Dicki,https://avatar.iran.liara.run/public
f62cb977-1c02-4634-b18b-b4ac6f2d8378,Level100,Jettie_Keeling23,Sabina_Leffler@gmail.com,King,Libby,Emmerich,https://avatar.iran.liara.run/public
f62cb977-1c02-4634-b18b-b4ac6f2d8378,Level100,Wilber.Watsica,Willie_Collier@hotmail.com,Celestino,Loma,Heidenreich,https://avatar.iran.liara.run/public
f62cb977-1c02-4634-b18b-b4ac6f2d8378,Level100,Brook66,Michelle_Barton9@gmail.com,Doyle,Lorena,Windler,https://avatar.iran.liara.run/public
